time_s,target_angle_deg,motor_angle_deg,motor_vel_deg_s,motor_torque_nm,pole_angle_deg,pole_vel_deg_s
0.0000,0.013,-6.473,1.385,-0.0042,0.000,0.000
0.0201,7.496,-5.879,26.318,0.2781,359.650,-17.798
0.0402,14.503,-4.231,75.261,0.0623,358.950,-30.638
0.0602,20.593,-1.659,111.276,0.2283,357.890,-96.482
0.0803,25.388,1.703,133.438,0.2366,356.130,-79.948
0.1003,28.572,5.572,150.984,0.0623,353.670,-111.162
0.1204,29.950,9.550,148.213,-0.0042,351.560,-96.441
0.1405,29.435,13.330,143.596,0.0706,350.160,-63.673
0.1605,27.060,16.561,104.811,0.0374,349.450,-32.264
0.1806,22.975,18.935,74.338,-0.0789,349.800,16.520
0.2006,17.437,20.034,21.701,0.0955,350.860,89.711
0.2207,10.795,19.924,-15.237,-0.1951,353.670,127.555
0.2408,3.473,18.913,-49.404,-0.2781,357.540,176.218
0.2608,-4.070,16.935,-90.036,-0.2117,2.460,223.533
0.2809,-11.353,13.968,-124.204,-0.0955,8.090,265.450
0.3009,-17.920,10.121,-156.525,-0.1868,11.250,267.893
0.3210,-23.353,5.616,-176.840,-0.2698,16.520,239.603
0.3411,-27.311,0.692,-186.075,0.0208,21.450,224.077
0.3611,-29.544,-4.297,-179.611,-0.2283,26.020,207.664
0.3812,-29.910,-9.023,-170.376,0.0291,28.480,111.827
0.4012,-28.386,-13.155,-145.443,0.0208,29.180,68.442
0.4213,-25.069,-16.452,-110.352,-0.0042,29.530,15.918
0.4413,-20.168,-18.562,-57.716,0.0374,27.070,-111.853
0.4614,-13.993,-19.199,-10.620,-0.0042,21.800,-239.433
0.4814,-6.934,-18.957,13.390,0.4193,14.410,-335.862
0.5015,0.565,-17.529,70.644,0.0457,5.620,-385.801
0.5216,8.028,-15.089,106.658,0.2864,1.050,-447.240
0.5416,14.984,-11.748,134.362,0.2366,350.510,-480.374
0.5617,20.992,-7.616,165.759,0.0706,340.660,-447.633
0.5817,25.673,-2.912,184.228,0.1785,330.820,-447.969
0.6018,28.732,1.989,186.075,0.0540,322.030,-384.240
0.6218,29.976,6.803,170.376,0.1038,315.700,-287.783
0.6419,29.326,11.220,150.984,0.1868,313.590,-207.793
0.6619,26.824,14.913,129.745,0.0457,310.780,-122.946
0.6820,22.627,17.660,86.342,0.0872,310.430,-15.910
0.7021,17.000,18.979,27.242,-0.0872,313.950,165.803
0.7221,10.299,19.023,-10.620,-0.2117,320.620,304.166
0.7422,2.945,18.100,-50.328,-0.1868,329.770,415.886
0.7622,-4.594,16.078,-90.036,-0.3031,335.390,474.088
0.7823,-11.845,13.133,-125.127,-0.2615,348.400,591.280
0.8023,-18.332,9.374,-150.984,-0.3529,2.110,623.456
0.8224,-23.675,4.912,-175.917,-0.1702,16.520,654.887
0.8424,-27.522,0.099,-186.075,-0.1204,30.230,623.356
0.8625,-29.630,-4.846,-179.611,-0.1370,36.560,619.751
0.8825,-29.865,-9.462,-167.606,0.0374,47.810,511.103
0.9026,-28.214,-13.528,-142.673,-0.1121,56.600,399.382
0.9227,-24.780,-16.759,-109.429,-0.0540,62.230,256.137
0.9427,-19.780,-18.781,-54.022,0.0291,64.340,95.845
0.9628,-13.531,-19.353,-5.079,0.0208,63.280,-48.182
0.9828,-6.427,-19.001,15.237,0.4027,61.170,-179.156
1.0029,1.083,-17.485,77.108,0.0208,54.490,-303.626
1.0229,8.525,-14.979,102.041,0.2532,45.000,-431.438
1.0430,15.428,-11.550,145.443,0.2034,31.990,-591.349
1.0630,21.356,-7.330,165.759,-0.0042,17.230,-670.872
1.0831,25.935,-2.605,180.534,0.2449,1.050,-763.174
1.1031,28.876,2.319,182.381,0.0125,352.970,-684.625
1.1232,29.992,7.110,169.453,0.1536,337.500,-703.352
1.1433,29.214,11.484,153.754,0.1038,322.730,-670.836
1.1633,26.590,15.133,119.587,-0.0291,310.780,-563.044
1.1834,22.286,17.792,80.802,0.1204,301.990,-400.951
1.2034,16.575,19.023,25.395,-0.0540,298.480,-296.205
1.2235,9.814,19.023,-6.002,-0.1785,294.610,-175.874
1.2435,2.435,18.034,-57.716,-0.1868,294.260,-16.482
1.2636,-5.099,15.946,-93.730,-0.3114,297.070,128.570
1.2836,-12.310,12.957,-125.127,-0.3031,303.750,303.438
1.3037,-18.743,9.110,-155.601,-0.3363,313.240,431.725
1.3238,-23.992,4.583,-176.840,-0.0457,319.220,543.672
1.3438,-27.725,-0.297,-184.228,-0.1868,332.230,591.209
1.3639,-29.707,-5.220,-179.611,-0.0457,346.640,654.559
1.3839,-29.812,-9.814,-163.912,-0.0042,1.760,688.123
1.4040,-28.033,-13.836,-142.673,-0.1619,16.170,652.483
1.4240,-24.483,-16.957,-98.347,-0.1204,29.180,591.507
1.4441,-19.386,-18.869,-48.481,0.0125,34.450,478.712
1.4641,-13.064,-19.375,-0.462,0.0125,43.240,399.961
1.4842,-5.917,-18.935,30.936,0.3612,48.870,255.741
1.5043,1.604,-17.331,74.338,-0.0291,51.680,127.671
1.5243,9.023,-14.759,103.888,0.2034,51.330,-15.919
1.5444,15.873,-11.264,142.673,0.1038,49.220,-191.089
1.5644,21.719,-7.000,167.606,0.0540,43.950,-239.699
1.5845,26.194,-2.253,177.764,0.2781,36.210,-351.721
1.6045,29.013,2.692,178.687,-0.1038,26.370,-447.714
1.6246,30.000,7.506,175.917,0.2200,15.470,-495.387
1.6446,29.090,11.814,149.137,0.0042,4.220,-511.812
1.6647,26.343,15.397,114.969,-0.0623,358.240,-542.224
1.6848,21.930,17.968,74.338,0.0706,348.400,-448.880
1.7048,16.133,19.067,23.548,-0.0125,339.610,-399.172
1.7249,9.316,19.001,-13.390,-0.2615,333.280,-286.975
1.7449,1.909,17.946,-60.486,-0.1453,329.410,-176.415
1.7650,-5.617,15.792,-95.577,-0.3280,327.660,-79.506
1.7850,-12.789,12.715,-126.051,-0.3280,327.660,0.000
1.8051,-19.154,8.803,-160.218,-0.2698,329.770,95.673
1.8252,-24.308,4.253,-174.993,0.0125,333.980,191.231
1.8452,-27.925,-0.648,-184.228,-0.2698,339.610,256.362
1.8653,-29.777,-5.528,-174.070,0.0789,346.290,300.605
1.8853,-29.747,-10.121,-167.606,-0.1121,349.800,325.324
1.9054,-27.837,-14.078,-135.285,-0.2034,356.840,320.732
1.9255,-24.168,-17.155,-101.118,-0.1453,3.520,302.831
1.9455,-18.972,-18.957,-37.400,0.0208,9.490,271.161
1.9656,-12.578,-19.375,0.462,-0.0125,12.660,144.063
1.9856,-5.389,-18.847,39.247,0.3612,14.770,95.857
2.0057,2.141,-17.177,73.414,0.0291,15.120,31.823
2.0257,9.535,-14.517,108.505,0.1121,14.770,-15.900
2.0458,16.327,-10.979,136.209,0.0706,12.300,-112.373
2.0659,22.087,-6.671,172.223,0.1204,8.790,-159.532
2.0859,26.452,-1.901,183.305,0.2117,4.220,-207.538
2.1060,29.145,3.022,180.534,0.0125,359.300,-223.450
2.1260,29.998,7.814,172.223,0.2117,356.840,-225.587
2.1461,28.955,12.100,150.060,-0.0457,352.620,-191.818
2.1661,26.082,15.594,114.046,-0.1121,349.100,-160.069
2.1862,21.562,18.100,75.261,0.0042,347.340,-80.035
2.2062,15.680,19.089,19.854,-0.0374,346.640,-31.812
2.2263,8.807,18.979,-21.701,-0.2449,347.700,96.187
2.2463,1.376,17.836,-57.716,-0.1453,349.800,95.445
2.2664,-6.141,15.594,-99.271,-0.3031,353.320,159.968
2.2865,-13.270,12.473,-127.898,-0.3778,358.240,223.810
2.3065,-19.560,8.517,-160.218,-0.2449,4.220,271.245
2.3266,-24.614,3.967,-171.300,0.0042,9.840,255.434
2.3466,-28.113,-0.934,-185.151,-0.2366,13.360,319.030
2.3667,-29.836,-5.836,-178.687,0.0623,18.630,239.125
2.3867,-29.674,-10.385,-160.218,-0.1370,22.500,176.209
2.4068,-27.636,-14.298,-138.979,-0.1536,24.960,111.730
2.4269,-23.853,-17.309,-97.424,-0.1619,25.660,31.836
2.4469,-18.563,-19.001,-46.634,0.0291,23.910,-79.572
2.4670,-12.099,-19.353,1.385,0.0540,22.150,-160.117
2.4870,-4.871,-18.759,30.936,0.3197,16.880,-239.379
2.5071,2.664,-17.001,72.491,0.0623,9.840,-320.038
2.5271,10.031,-14.298,108.505,0.0872,1.410,-383.087
2.5472,16.764,-10.693,141.749,-0.0042,351.910,-433.097
2.5672,22.439,-6.363,164.836,0.2034,347.340,-415.114
2.5873,26.695,-1.572,180.534,0.1453,338.550,-399.640
2.6074,29.265,3.374,181.458,0.0955,330.470,-367.176
2.6274,29.986,8.099,171.300,0.1453,323.790,-303.638
2.6475,28.813,12.341,145.443,-0.1038,319.220,-207.855
2.6675,25.820,15.792,111.276,-0.1287,317.110,-95.837
2.6876,21.195,18.210,68.797,-0.0872,316.760,-31.814
2.7076,15.232,19.111,13.390,0.0042,319.220,111.747
2.7277,8.306,18.913,-16.160,-0.2781,324.840,255.778
2.7477,0.855,17.682,-62.333,-0.1370,332.580,351.544
2.7678,-6.652,15.375,-98.347,-0.2698,343.120,478.975
2.7879,-13.738,12.210,-134.362,-0.2864,355.080,542.861
2.8079,-19.955,8.187,-162.989,-0.1868,1.410,579.215
2.8280,-24.911,3.616,-178.687,-0.1287,14.770,603.752
2.8480,-28.292,-1.286,-186.998,-0.2366,26.720,544.641
2.8681,-29.887,-6.143,-174.993,-0.0042,37.970,510.623
2.8881,-29.592,-10.649,-158.371,-0.1951,47.110,415.433
2.9082,-27.429,-14.517,-125.127,-0.1370,50.270,287.399
2.9282,-23.532,-17.463,-90.036,-0.1453,55.200,224.199
2.9483,-18.149,-19.045,-38.323,0.0208,56.600,63.559
2.9684,-11.619,-19.309,-1.385,0.0872,54.840,-80.029
2.9884,-4.355,-18.649,36.476,0.2532,49.570,-239.474
3.0085,3.184,-16.803,79.878,0.1370,40.780,-399.376
3.0285,10.523,-14.012,117.740,-0.0125,35.510,-479.999
3.0486,17.196,-10.341,151.907,0.0457,22.850,-575.499
3.0686,22.783,-5.989,168.529,0.2615,8.440,-654.132
3.0887,26.930,-1.176,180.534,0.0291,354.020,-654.218
3.1087,29.376,3.747,176.840,0.1619,339.260,-674.188
3.1288,29.966,8.451,170.376,0.0623,325.900,-604.589
3.1489,28.662,12.627,143.596,-0.1287,319.920,-548.092
3.1689,25.547,16.012,110.352,-0.1038,309.730,-463.812
3.1890,20.816,18.342,70.644,-0.0706,303.050,-303.394
3.2090,14.772,19.111,12.467,-0.0291,299.530,-159.873
3.2291,7.793,18.869,-15.237,-0.2698,298.830,-31.844
3.2491,0.322,17.572,-60.486,-0.0623,300.230,127.165
3.2692,-7.169,15.199,-101.118,-0.2615,305.160,223.943
3.2893,-14.207,11.946,-136.209,-0.2449,313.590,383.533
3.3093,-20.347,7.902,-162.065,-0.0540,324.490,495.571
3.3294,-25.202,3.242,-175.917,-0.1785,337.500,591.738
3.3494,-28.465,-1.681,-186.075,-0.1121,352.270,670.557
3.3695,-29.928,-6.539,-181.458,-0.0374,359.300,637.568
3.3896,-29.499,-11.001,-158.371,-0.1619,13.710,652.839
3.4096,-27.206,-14.781,-130.668,-0.0457,27.070,607.988
3.4297,-23.192,-17.660,-92.807,-0.1287,37.970,494.630
3.4497,-17.715,-19.133,-33.706,0.0623,46.050,368.046
3.4698,-11.118,-19.331,2.309,0.1619,50.980,224.030
3.4898,-3.819,-18.606,41.093,0.3197,52.380,127.089
3.5099,3.722,-16.715,79.878,0.1619,52.730,15.915
3.5300,11.027,-13.858,119.587,0.0457,49.570,-143.669
3.5500,17.635,-10.121,146.367,0.0872,46.760,-255.242
3.5701,23.130,-5.704,170.376,0.2781,36.910,-364.731
3.5901,27.164,-0.868,181.458,-0.0208,26.370,-478.716
3.6102,29.481,4.055,181.458,0.1951,14.770,-526.575
3.6302,29.935,8.737,166.682,-0.0291,2.460,-560.227
3.6503,28.498,12.891,140.826,-0.0789,356.480,-540.418
3.6703,25.259,16.210,105.735,-0.1121,345.230,-513.819
3.6904,20.424,18.430,54.022,-0.1038,335.740,-431.289
3.7105,14.299,19.111,12.467,-0.0208,328.360,-335.480
3.7305,7.271,18.781,-20.778,-0.3031,323.790,-207.585
3.7506,-0.218,17.397,-63.256,-0.0540,321.680,-95.957
3.7706,-7.695,14.957,-101.118,-0.2200,321.680,0.000
3.7907,-14.683,11.682,-134.362,-0.2283,323.790,95.941
3.8108,-20.744,7.572,-158.371,-0.0125,328.360,207.836
3.8308,-25.493,2.890,-184.228,-0.2283,335.390,319.564
3.8509,-28.631,-2.033,-182.381,0.0042,343.480,367.695
3.8709,-29.961,-6.891,-181.458,-0.1453,352.270,397.346
3.8910,-29.396,-11.308,-157.448,-0.1121,356.840,419.857
3.9111,-26.973,-15.045,-126.051,-0.0208,5.270,382.495
3.9311,-22.846,-17.836,-89.113,-0.1453,13.010,351.163
3.9512,-17.275,-19.177,-33.706,0.0623,18.630,255.813
3.9712,-10.611,-19.331,3.232,0.2117,21.800,144.007
3.9913,-3.276,-18.540,43.864,0.2864,22.850,95.285
4.0114,4.265,-16.561,88.189,0.2034,23.550,31.839
4.0314,11.537,-13.638,119.587,0.0872,21.800,-79.608
4.0515,18.079,-9.858,149.137,0.1951,17.930,-175.919
4.0715,23.478,-5.396,170.376,0.2864,12.660,-239.584
4.0916,27.394,-0.517,185.151,0.0042,5.980,-303.345
4.1117,29.579,4.429,179.611,0.2532,2.810,-287.128
4.1317,29.893,9.066,166.682,-0.0789,356.840,-285.654
4.1518,28.318,13.155,136.209,-0.0125,350.860,-271.119
4.1718,24.953,16.408,102.041,-0.0457,345.940,-224.798
4.1919,20.012,18.518,51.251,-0.0789,342.770,-144.032
4.2119,13.807,19.111,5.079,-0.0042,341.370,-63.656
4.2320,6.730,18.737,-21.701,-0.3363,341.720,31.603
4.2521,-0.774,17.243,-75.261,-0.0955,343.120,63.875
4.2721,-8.228,14.759,-103.888,-0.1702,346.990,175.870
4.2922,-15.162,11.418,-141.749,-0.1785,352.270,240.220
4.3122,-21.138,7.264,-162.065,-0.0291,358.240,271.313
4.3323,-25.778,2.561,-177.764,-0.2864,4.570,286.653
4.3523,-28.790,-2.385,-193.462,0.0291,8.090,319.827
4.3724,-29.984,-7.176,-177.764,-0.1951,14.770,303.372
4.3924,-29.283,-11.572,-155.601,-0.0872,19.690,223.797
4.4125,-26.732,-15.243,-120.510,0.0872,23.200,159.568
4.4325,-22.492,-17.968,-80.802,-0.0789,24.960,80.026
4.4526,-16.832,-19.199,-32.782,0.0374,24.960,0.000
4.4727,-10.108,-19.309,9.696,0.2698,22.850,-96.030
4.4927,-2.745,-18.430,50.328,0.2698,18.630,-191.644
4.5128,4.791,-16.386,82.649,0.2532,12.660,-271.091
4.5328,12.024,-13.396,128.821,0.1536,5.270,-336.652
4.5529,18.497,-9.550,155.601,0.2532,356.130,-414.168
4.5729,23.802,-5.066,172.223,0.2117,351.910,-386.768
4.5930,27.604,-0.187,184.228,0.0208,342.770,-415.435
4.6130,29.661,4.737,178.687,0.1785,334.690,-367.508
4.6331,29.845,9.352,164.836,-0.1453,328.710,-271.967
4.6531,28.143,13.418,138.056,0.0623,323.790,-223.529
4.6732,24.664,16.605,101.118,0.0125,321.680,-95.866
4.6933,19.626,18.606,50.328,-0.0457,321.680,0.000
4.7133,13.347,19.133,3.232,-0.0540,323.440,80.049
4.7334,6.224,18.693,-24.471,-0.3861,328.360,223.662
4.7534,-1.291,17.155,-80.802,-0.0955,335.740,335.412
4.7735,-8.725,14.583,-109.429,-0.1121,345.230,431.317
4.7935,-15.607,11.176,-138.056,-0.0457,350.510,479.726
4.8136,-21.503,6.978,-161.142,-0.1287,2.110,527.520
4.8337,-26.041,2.231,-184.228,-0.2532,14.060,541.252
4.8537,-28.933,-2.692,-188.845,0.0789,25.310,511.831
4.8738,-29.996,-7.506,-168.529,-0.2200,35.160,446.950
4.8938,-29.164,-11.858,-150.060,0.0125,43.240,367.849
4.9139,-26.489,-15.462,-119.587,0.0789,45.700,223.605
4.9339,-22.140,-18.122,-78.955,-0.0042,49.570,175.795
4.9540,-16.393,-19.287,-30.012,0.0706,50.270,31.820
4.9741,-9.610,-19.287,7.849,0.3031,47.460,-127.602
4.9941,-2.219,-18.342,52.175,0.2615,41.480,-271.909
5.0142,5.315,-16.210,95.577,0.2698,32.700,-398.204
5.0342,12.510,-13.155,130.668,0.2366,27.420,-482.748
5.0543,18.913,-9.264,157.448,0.2947,15.120,-559.279
5.0743,24.123,-4.737,175.917,0.1038,1.410,-623.022
5.0944,27.808,0.165,177.764,0.1370,347.700,-625.264
5.1144,29.737,5.066,175.917,0.1038,334.340,-606.494
5.1345,29.786,9.660,159.295,-0.0623,328.360,-544.644
5.1546,27.954,13.638,130.668,0.1038,317.460,-495.214
5.1746,24.356,16.781,99.271,0.0623,309.380,-367.022
5.1947,19.218,18.671,42.940,-0.0706,304.800,-208.392
5.2147,12.867,19.111,-4.156,0.0042,303.400,-63.640
5.2348,5.702,18.606,-18.007,-0.3197,304.800,63.592
5.2548,-1.822,16.979,-79.878,-0.1453,306.910,192.066
5.2749,-9.232,14.342,-107.582,-0.0706,313.950,319.897
5.2949,-16.058,10.847,-143.596,-0.0208,323.440,431.071
5.3150,-21.870,6.605,-168.529,-0.1785,335.740,559.555
5.3351,-26.300,1.835,-183.305,-0.1951,349.450,623.137
5.3551,-29.068,-3.066,-186.998,-0.0291,3.520,638.147
5.3752,-30.000,-7.836,-175.917,-0.1868,10.550,636.990
5.3952,-29.036,-12.144,-149.137,0.0623,23.910,607.464
5.4153,-26.238,-15.682,-115.893,0.1370,35.160,511.151
5.4353,-21.782,-18.254,-78.031,0.0208,43.950,399.887
5.4554,-15.951,-19.287,-24.471,0.0457,49.920,271.267
5.4754,-9.111,-19.265,-0.462,0.3446,51.330,128.176
5.4955,-1.696,-18.210,54.945,0.2283,52.730,63.652
5.5156,5.827,-16.034,93.730,0.3031,50.270,-111.815
5.5356,12.981,-12.935,126.974,0.2532,44.650,-255.196
5.5557,19.315,-8.979,156.525,0.2864,36.210,-383.755
5.5757,24.429,-4.385,175.917,0.0291,25.660,-479.478
5.5958,27.999,0.517,186.998,0.1868,19.690,-542.785
5.6158,29.801,5.418,178.687,-0.0125,7.030,-575.503
5.6359,29.720,9.990,167.606,0.0623,354.730,-558.763
5.6559,27.761,13.924,136.209,0.1702,343.120,-529.756
5.6760,24.047,16.979,98.347,0.1121,332.580,-478.998
5.6961,18.815,18.737,42.940,-0.0374,325.200,-334.603
5.7161,12.394,19.089,-4.156,-0.0208,322.380,-257.581
5.7362,5.188,18.496,-30.936,-0.2864,319.220,-143.552
5.7562,-2.344,16.803,-82.649,-0.1619,318.160,-48.220
5.7763,-9.728,14.122,-104.811,-0.0291,320.620,111.713
5.7963,-16.497,10.583,-142.673,-0.0789,325.550,224.274
5.8164,-22.224,6.275,-173.147,-0.2615,329.060,318.895
5.8364,-26.547,1.484,-181.458,-0.0955,337.150,367.674
5.8565,-29.193,-3.418,-180.534,-0.1204,346.990,447.559
5.8766,-29.994,-8.165,-174.070,-0.0955,356.840,446.048
5.8966,-28.900,-12.429,-147.290,0.1121,6.680,447.685
5.9167,-25.981,-15.924,-108.505,0.1121,15.470,399.213
5.9367,-21.420,-18.386,-73.414,0.0291,18.980,319.205
5.9568,-15.506,-19.331,-21.701,0.0125,24.960,271.580
5.9768,-8.612,-19.221,9.696,0.3280,28.120,143.749
5.9969,-1.174,-18.100,60.486,0.2366,29.530,64.049
6.0169,6.338,-15.836,96.500,0.2781,28.120,-64.089
6.0370,13.450,-12.649,132.515,0.2864,24.260,-175.441
6.0571,19.712,-8.671,151.907,0.2864,21.450,-255.605
6.0771,24.729,-4.055,177.764,-0.0042,15.120,-287.631
6.0972,28.183,0.868,182.381,0.2366,7.380,-351.984
6.1172,29.857,5.726,174.070,-0.0291,359.300,-366.674
6.1373,29.644,10.275,165.759,0.1370,351.910,-337.676
6.1573,27.558,14.166,134.362,0.1619,348.400,-318.634
6.1774,23.730,17.155,94.653,0.1370,342.070,-287.395
6.1974,18.403,18.825,40.170,-0.0872,338.550,-160.142
6.2175,11.914,19.089,-0.462,-0.1121,336.800,-79.488
6.2376,4.672,18.452,-39.247,-0.2864,336.800,0.000
6.2576,-2.865,16.671,-84.496,-0.2117,339.610,127.802
6.2777,-10.221,13.946,-113.122,-0.0706,341.370,159.699
6.2977,-16.932,10.341,-153.754,-0.1204,346.990,254.541
6.3178,-22.572,5.989,-174.993,-0.3280,353.320,288.751
6.3378,-26.787,1.198,-183.305,-0.0042,0.700,335.551
6.3579,-29.309,-3.747,-182.381,-0.1619,8.440,350.699
6.3779,-29.979,-8.473,-173.147,-0.0374,15.470,319.508
6.3980,-28.755,-12.671,-143.596,0.0706,18.280,255.822
6.4181,-25.713,-16.122,-109.429,0.0540,22.850,205.313
6.4381,-21.046,-18.496,-66.027,0.0706,25.310,113.102
6.4582,-15.050,-19.331,-18.007,0.0457,26.020,32.267
6.4782,-8.102,-19.199,16.160,0.3280,23.910,-95.856
6.4983,-0.642,-17.968,62.333,0.1453,22.150,-159.832
6.5184,6.858,-15.638,102.965,0.3114,16.520,-256.001
6.5384,13.924,-12.407,128.821,0.3197,9.140,-335.631
6.5585,20.111,-8.363,158.371,0.2117,1.050,-367.581
6.5785,25.027,-3.747,173.147,0.0042,352.270,-400.067
6.5986,28.361,1.176,182.381,0.2698,343.480,-399.627
6.6186,29.904,6.055,179.611,-0.0457,339.610,-351.805
6.6387,29.557,10.561,159.295,0.1951,332.580,-319.539
6.6587,27.343,14.407,126.051,0.1702,327.300,-240.260
6.6788,23.401,17.309,93.730,0.1868,324.490,-127.621
6.6989,17.981,18.869,35.553,-0.0706,324.140,-15.898
6.7189,11.425,19.089,-1.385,-0.1287,326.950,127.817
6.7390,4.145,18.364,-38.323,-0.2615,329.410,223.985
6.7590,-3.395,16.517,-85.419,-0.2366,335.740,287.464
6.7791,-10.722,13.726,-115.893,-0.1287,344.180,383.577
6.7991,-17.370,10.056,-152.831,-0.1785,354.380,463.662
6.8192,-22.920,5.682,-168.529,-0.2781,5.620,511.302
6.8392,-27.023,0.846,-180.534,0.0208,10.900,479.922
6.8593,-29.418,-4.077,-186.998,-0.2449,21.800,493.540
6.8794,-29.955,-8.781,-166.682,0.0872,31.290,431.460
6.8994,-28.599,-12.935,-141.749,0.0291,38.320,319.375
6.9195,-25.437,-16.298,-110.352,0.0291,43.590,239.547
6.9395,-20.668,-18.584,-57.716,0.0540,45.700,95.915
6.9596,-14.592,-19.353,-15.237,0.0374,45.700,0.000
6.9796,-7.595,-19.133,9.696,0.3529,42.890,-127.759
6.9997,-0.118,-17.814,68.797,0.1038,37.620,-239.577
7.0197,7.366,-15.419,101.118,0.3446,29.180,-383.496
7.0398,14.385,-12.144,134.362,0.3363,17.930,-511.644
7.0599,20.495,-8.033,160.218,0.1370,5.980,-543.409
7.0799,25.311,-3.374,175.917,0.0789,359.650,-572.983
7.1000,28.527,1.528,183.305,0.1868,346.290,-609.438
7.1200,29.941,6.385,176.840,-0.0291,334.340,-543.531
7.1401,29.464,10.825,155.601,0.1868,323.790,-479.248
7.1601,27.125,14.627,124.204,0.1370,315.350,-383.500
7.1802,23.073,17.463,89.113,0.1536,312.190,-287.977
7.2002,17.563,18.935,36.476,-0.1038,308.320,-175.687
7.2203,10.944,19.067,-6.926,-0.1951,307.620,-31.846
7.2403,3.632,18.276,-44.787,-0.2117,310.080,111.758
7.2604,-3.910,16.386,-90.036,-0.2117,316.050,271.538
7.2805,-11.204,13.506,-122.357,-0.1868,324.490,383.401
7.3005,-17.790,9.770,-147.290,-0.2283,330.120,511.119
7.3206,-23.252,5.330,-176.840,-0.2864,342.070,543.957
7.3406,-27.244,0.517,-183.305,-0.0291,355.430,606.680
7.3607,-29.516,-4.429,-182.381,-0.2283,9.140,621.624
7.3807,-29.922,-9.088,-167.606,0.0789,21.800,575.436
7.4008,-28.438,-13.199,-138.056,-0.0291,27.770,542.155
7.4208,-25.157,-16.517,-106.658,0.0042,37.970,463.820
7.4409,-20.287,-18.693,-58.639,0.0789,45.700,351.050
7.4610,-14.136,-19.375,-8.773,0.0208,49.920,191.976
7.4810,-7.091,-19.089,16.160,0.3446,50.980,48.176
7.5011,0.401,-17.682,68.797,0.0706,48.870,-95.881
7.5211,7.869,-15.221,106.658,0.2781,46.410,-223.498
7.5412,14.839,-11.902,137.132,0.2781,39.730,-303.868
7.5612,20.872,-7.748,165.759,0.0540,30.590,-415.176
7.5813,25.586,-3.044,188.845,0.1785,19.340,-511.668
7.6013,28.683,1.879,180.534,0.0872,6.330,-591.426
7.6214,29.969,6.715,174.070,0.1038,353.670,-577.376
7.6414,29.362,11.155,156.525,0.1951,347.700,-542.363
7.6615,26.899,14.869,127.898,0.0706,336.800,-495.442
7.6816,22.737,17.638,81.725,0.1868,326.950,-447.588
7.7016,17.139,18.979,30.936,-0.0706,320.620,-287.573
7.7217,10.459,19.045,-8.773,-0.2034,317.110,-159.393
7.7417,3.115,18.188,-42.940,-0.2034,316.410,-63.695
7.7618,-4.424,16.210,-91.883,-0.2947,316.410,0.000
7.7818,-11.684,13.265,-126.051,-0.2449,320.270,175.384
7.8019,-18.205,9.484,-158.371,-0.3031,326.950,303.642
7.8219,-23.576,5.000,-180.534,-0.1702,335.390,383.615
7.8420,-27.458,0.165,-185.151,-0.0623,345.590,463.331
7.8621,-29.604,-4.781,-186.998,-0.1453,351.210,512.107
7.8821,-29.880,-9.418,-165.759,0.0457,1.760,479.448
7.9022,-28.269,-13.484,-140.826,-0.0789,11.950,461.742
7.9222,-24.871,-16.715,-102.041,-0.0540,21.090,415.725
7.9423,-19.903,-18.781,-48.481,0.0623,28.120,319.407
7.9623,-13.683,-19.375,-6.926,0.0125,32.340,191.337
7.9824,-6.593,-19.045,20.778,0.3944,33.050,64.827
8.0024,0.913,-17.529,72.491,0.0125,33.750,31.824
8.0225,8.362,-15.023,109.429,0.2449,31.640,-95.904
8.0425,15.283,-11.616,136.209,0.2283,26.370,-239.481
8.0626,21.238,-7.418,163.912,-0.0457,20.040,-287.595
8.0827,25.851,-2.692,179.611,0.1868,15.820,-383.202
8.1027,28.831,2.231,176.840,0.0042,7.380,-383.957
8.1228,29.988,7.044,176.840,0.1536,358.240,-414.517
8.1428,29.251,11.418,147.290,0.1038,349.450,-401.839
8.1629,26.665,15.067,118.663,0.0042,342.420,-319.279
8.1829,22.395,17.770,82.649,0.1619,336.090,-287.617
8.2030,16.710,19.001,29.089,-0.0623,334.340,-159.094
8.2230,9.969,19.045,-6.002,-0.2200,332.580,-80.020
8.2431,2.598,18.100,-52.175,-0.1619,332.230,-15.908
8.2632,-4.937,16.034,-96.500,-0.3363,335.040,127.607
8.2832,-12.160,13.045,-129.745,-0.2781,339.960,223.816
8.3033,-18.615,9.198,-156.525,-0.3280,346.640,303.906
8.3233,-23.893,4.715,-172.223,-0.1121,350.160,319.030
8.3434,-27.662,-0.165,-186.075,-0.1951,358.240,367.650
8.3634,-29.683,-5.066,-179.611,-0.0789,6.680,382.524
8.3835,-29.830,-9.704,-164.836,0.0291,14.410,351.015
8.4035,-28.091,-13.726,-138.056,-0.1038,20.390,271.764
8.4236,-24.577,-16.891,-102.041,-0.1121,22.850,223.830
8.4437,-19.511,-18.847,-50.328,0.0291,26.720,176.009
8.4637,-13.212,-19.375,-3.232,0.0291,27.420,31.798
8.4838,-6.077,-18.979,21.701,0.3778,26.370,-47.743
8.5038,1.440,-17.397,69.720,-0.0291,22.500,-175.716
8.5239,8.867,-14.825,109.429,0.2283,16.520,-272.063
8.5439,15.733,-11.352,142.673,0.1287,13.010,-318.203
8.5640,21.606,-7.088,168.529,-0.0125,4.920,-368.092
8.5840,26.114,-2.363,182.381,0.2449,356.130,-398.686
8.6041,28.971,2.561,180.534,-0.0623,346.990,-417.697
8.6242,29.998,7.352,175.917,0.1785,339.260,-351.080
8.6442,29.130,11.704,155.601,0.0623,332.580,-303.232
8.6643,26.422,15.309,119.587,-0.0623,330.120,-224.554
8.6843,22.044,17.902,78.031,0.0457,326.600,-159.930
8.7044,16.274,19.023,22.624,-0.0623,325.550,-47.716
8.7244,9.476,19.001,-9.696,-0.2864,327.660,95.960
8.7445,2.078,17.968,-51.251,-0.1370,332.230,206.806
8.7645,-5.451,15.814,-95.577,-0.3197,335.390,289.931
8.7846,-12.636,12.781,-128.821,-0.3114,343.120,351.025
8.8047,-19.022,8.891,-163.912,-0.3031,352.620,432.197
8.8247,-24.206,4.363,-174.070,0.0125,3.160,478.872
8.8448,-27.860,-0.517,-181.458,-0.2615,13.710,477.951
8.8648,-29.755,-5.396,-175.917,0.0208,23.550,447.028
8.8849,-29.769,-9.990,-161.142,-0.0706,27.770,384.689
8.9049,-27.902,-13.990,-138.979,-0.1868,35.160,335.512
8.9250,-24.273,-17.067,-95.577,-0.1204,40.080,223.637
8.9450,-19.109,-18.913,-46.634,0.0457,42.190,95.962
8.9651,-12.737,-19.375,0.462,0.0208,41.480,-32.232
8.9852,-5.554,-18.891,32.782,0.4276,37.620,-174.732
9.0052,1.973,-17.243,77.108,0.0042,34.450,-290.830
9.0253,9.375,-14.605,110.352,0.1287,26.370,-367.290
9.0453,16.185,-11.067,143.596,0.0789,16.520,-447.709
9.0654,21.972,-6.781,165.759,0.0540,4.570,-543.377
9.0855,26.372,-2.033,184.228,0.2864,352.270,-560.488
9.1055,29.105,2.912,185.151,-0.0208,346.290,-543.774
9.1256,29.999,7.682,172.223,0.2366,335.040,-511.645
9.1456,28.998,11.968,155.601,-0.0540,325.200,-447.474
9.1657,26.161,15.528,117.740,-0.1121,317.810,-335.327
9.1858,21.672,18.034,74.338,0.0042,312.890,-222.971
9.2058,15.814,19.045,15.237,-0.0374,311.130,-80.047
9.2259,8.956,18.979,-11.543,-0.2864,311.130,0.000
9.2459,1.531,17.858,-60.486,-0.1453,314.650,159.239
9.2660,-5.993,15.638,-97.424,-0.3197,320.620,272.608
9.2861,-13.135,12.517,-134.362,-0.3695,329.770,414.537
9.3061,-19.446,8.583,-157.448,-0.2366,340.660,496.238
9.3262,-24.531,4.011,-170.376,0.0291,353.320,574.337
9.3462,-28.063,-0.868,-184.228,-0.2864,0.000,611.852
9.3663,-29.822,-5.770,-181.458,0.0623,13.010,590.394
9.3864,-29.694,-10.319,-159.295,-0.1204,24.960,541.968
9.4064,-27.690,-14.232,-135.285,-0.1785,35.160,463.566
9.4265,-23.936,-17.265,-101.118,-0.2200,42.890,351.698
9.4465,-18.669,-18.979,-44.787,0.0042,45.700,254.835
9.4666,-12.221,-19.353,-4.156,0.0208,48.870,144.072
9.4867,-4.999,-18.803,31.859,0.3612,49.220,15.893
9.5067,2.537,-17.089,78.955,0.0623,45.700,-160.084
9.5268,9.911,-14.363,118.663,0.0789,39.380,-287.188
9.5469,16.659,-10.781,145.443,-0.0125,30.590,-400.052
9.5669,22.357,-6.429,173.147,0.1868,24.960,-510.506
9.5870,26.640,-1.637,184.228,0.1453,13.360,-527.750
9.6070,29.239,3.308,180.534,0.0706,0.700,-575.665
9.6271,29.990,8.055,168.529,0.1536,348.050,-574.509
9.6472,28.844,12.319,150.060,-0.0789,337.150,-496.405
9.6672,25.875,15.770,114.046,-0.1619,327.300,-446.592
9.6873,21.270,18.188,66.027,-0.0374,323.440,-353.046
9.7073,15.320,19.089,17.084,-0.0125,317.810,-255.569
9.7274,8.402,18.935,-12.467,-0.3031,315.350,-111.786
9.7475,0.951,17.726,-67.873,-0.1038,315.350,0.000
9.7675,-6.558,15.440,-101.118,-0.2864,319.220,176.019
9.7876,-13.654,12.275,-130.668,-0.3031,322.030,254.693
9.8077,-19.885,8.275,-154.678,-0.1868,329.410,336.408
9.8277,-24.859,3.660,-177.764,-0.0789,338.910,431.699
9.8478,-28.261,-1.264,-186.075,-0.2117,349.800,495.300
9.8678,-29.879,-6.143,-181.458,0.0374,1.050,510.778
9.8879,-29.607,-10.649,-160.218,-0.2366,12.300,509.465
9.9080,-27.463,-14.517,-126.974,-0.1536,17.230,450.216
9.9280,-23.584,-17.463,-89.113,-0.1951,26.020,399.114
9.9481,-18.215,-19.045,-38.323,0.0125,32.340,287.257
9.9681,-11.693,-19.331,4.156,0.1038,35.860,159.897
9.9882,-4.429,-18.693,32.782,0.2947,36.910,47.629
10.0083,3.112,-16.891,78.955,0.0623,35.160,-79.618
10.0283,10.456,-14.100,120.510,0.0042,33.400,-160.485
10.0484,17.138,-10.451,147.290,0.0291,27.420,-271.814
10.0684,22.738,-6.077,173.147,0.2532,19.690,-351.447
10.0885,26.900,-1.264,184.228,0.0540,10.550,-415.255
10.1086,29.362,3.682,181.458,0.1536,1.050,-432.377
10.1286,29.969,8.385,170.376,0.0706,355.780,-477.324
10.1487,28.682,12.605,145.443,-0.1204,346.640,-416.677
10.1687,25.580,15.990,108.505,-0.1204,338.910,-351.531
10.1888,20.863,18.320,63.256,-0.0706,333.280,-255.961
10.2089,14.827,19.133,18.007,0.0125,329.410,-175.876
10.2289,7.855,18.891,-19.854,-0.3114,328.710,-31.836
10.2490,0.387,17.594,-64.180,-0.1287,329.060,31.792
10.2690,-7.109,15.221,-105.735,-0.2781,331.880,128.184
10.2891,-14.153,12.012,-132.515,-0.3114,337.150,239.462
10.3092,-20.303,7.968,-165.759,-0.0623,344.180,319.592
10.3292,-25.169,3.308,-185.151,-0.1536,352.970,399.535
10.3493,-28.445,-1.615,-187.922,-0.1121,1.410,383.059
10.3693,-29.924,-6.473,-184.228,-0.0208,5.980,414.954
10.3894,-29.511,-10.957,-153.754,-0.1868,14.060,366.553
10.4095,-27.232,-14.759,-126.974,-0.0623,21.090,320.154
10.4295,-23.233,-17.638,-92.807,-0.1536,26.370,239.898
10.4496,-17.764,-19.111,-39.247,0.0457,29.180,127.757
10.4696,-11.168,-19.353,-0.462,0.1619,29.530,31.799
10.4897,-3.870,-18.627,41.093,0.2947,28.830,-31.791
10.5098,3.674,-16.737,84.496,0.1453,24.960,-175.996
10.5298,10.983,-13.902,117.740,0.0125,19.340,-255.315
10.5499,17.598,-10.165,147.290,0.0872,11.250,-367.374
10.5699,23.103,-5.748,167.606,0.2532,2.810,-384.667
10.5900,27.146,-0.890,186.075,-0.0291,358.240,-413.794
10.6101,29.473,4.033,181.458,0.2449,349.450,-400.672
10.6301,29.938,8.715,170.376,-0.0291,341.020,-383.354
10.6502,28.511,12.869,138.056,-0.1038,333.630,-335.587
10.6702,25.281,16.188,105.735,-0.0623,329.060,-207.902
10.6903,20.450,18.430,64.180,-0.1038,326.600,-111.346
10.7104,14.329,19.111,12.467,-0.0125,326.250,-32.080
10.7304,7.303,18.825,-14.313,-0.3114,327.300,47.744
10.7505,-0.187,17.419,-65.103,-0.0291,331.520,191.539
10.7706,-7.663,15.001,-99.271,-0.2449,337.850,287.510
10.7906,-14.654,11.704,-131.591,-0.2366,346.640,400.119
10.8107,-20.720,7.616,-162.065,-0.0125,351.210,414.961
10.8307,-25.475,2.912,-185.151,-0.2449,1.410,463.890
10.8508,-28.622,-1.989,-186.998,-0.0374,11.600,461.931
10.8708,-29.959,-6.803,-168.529,-0.1370,21.450,447.850
10.8909,-29.403,-11.242,-161.142,-0.1370,29.180,351.236
10.9110,-26.990,-15.001,-126.974,-0.0291,35.510,287.634
10.9310,-22.871,-17.814,-83.572,-0.1038,37.970,223.844
10.9511,-17.306,-19.177,-32.782,0.0872,39.730,79.980
10.9711,-10.646,-19.331,6.002,0.2283,39.380,-15.885
10.9912,-3.315,-18.540,52.175,0.2864,35.510,-176.120
11.0112,4.225,-16.561,89.113,0.2200,28.830,-303.633
11.0313,11.505,-13.616,122.357,0.0706,20.040,-396.138
11.0514,18.053,-9.858,150.984,0.2283,15.120,-454.447
11.0715,23.460,-5.396,174.993,0.3114,3.870,-511.774
11.0915,27.383,-0.538,182.381,-0.0291,352.620,-511.482
11.1116,29.574,4.385,182.381,0.2283,341.020,-528.606
11.1316,29.896,9.023,163.912,-0.0540,330.820,-463.499
11.1517,28.328,13.155,143.596,-0.0125,326.600,-383.259
11.1718,24.969,16.386,103.888,-0.0374,319.570,-319.646
11.1918,20.033,18.518,54.022,-0.0872,315.000,-207.862
11.2119,13.829,19.133,7.849,-0.0042,313.950,-47.645
11.2319,6.753,18.759,-24.471,-0.3197,315.700,79.673
11.2520,-0.752,17.287,-78.031,-0.0789,320.620,223.013
11.2721,-8.211,14.781,-104.811,-0.1951,324.140,319.337
11.2921,-15.147,11.418,-135.285,-0.1453,333.280,416.819
11.3122,-21.128,7.286,-164.836,-0.0291,344.180,494.651
11.3322,-25.772,2.561,-181.458,-0.2947,356.130,544.079
11.3523,-28.787,-2.363,-184.228,0.0291,8.790,574.055
11.3724,-29.983,-7.176,-174.070,-0.1702,20.740,542.941
11.3924,-29.284,-11.594,-153.754,-0.0789,26.370,511.471
11.4125,-26.734,-15.265,-120.510,0.0623,35.860,431.486
11.4325,-22.494,-17.968,-83.572,-0.0955,42.890,319.447
11.4526,-16.833,-19.221,-28.165,0.0623,46.760,175.900
11.4727,-10.107,-19.309,2.309,0.2781,47.460,31.769
11.4927,-2.742,-18.430,47.558,0.2864,46.760,-63.707
11.5128,4.795,-16.364,90.960,0.2532,42.890,-175.958
11.5328,12.029,-13.396,123.280,0.1536,35.510,-335.434
11.5529,18.503,-9.550,151.907,0.2366,26.370,-415.843
11.5730,23.809,-5.044,173.147,0.1702,15.120,-511.174
11.5930,27.608,-0.143,184.228,0.0291,2.810,-560.579
11.6131,29.663,4.759,176.840,0.1619,356.480,-571.442
11.6331,29.844,9.396,162.989,-0.0706,344.180,-561.621
11.6532,28.138,13.440,141.749,0.0789,333.630,-479.209
11.6732,24.653,16.627,99.271,0.0540,324.840,-399.261
11.6933,19.610,18.606,53.098,-0.0872,318.870,-271.525
11.7134,13.328,19.111,0.462,0.0125,315.700,-143.628
11.7335,6.185,18.671,-19.854,-0.3446,315.350,-32.022
11.7535,-1.333,17.111,-72.491,-0.1038,316.410,48.148
11.7736,-8.767,14.539,-106.658,-0.0955,320.980,207.836
11.7937,-15.646,11.133,-135.285,-0.0457,328.010,319.686
11.8137,-21.535,6.913,-164.836,-0.1038,337.500,431.594
11.8338,-26.064,2.165,-184.228,-0.2449,342.770,478.495
11.8538,-28.945,-2.758,-183.305,0.0125,354.020,511.631
11.8739,-29.997,-7.550,-174.070,-0.2283,5.270,510.739
11.8940,-29.153,-11.924,-153.754,0.0208,16.520,510.689
11.9140,-26.467,-15.506,-115.893,0.1204,25.660,414.894
11.9341,-22.109,-18.144,-77.108,-0.0291,32.700,320.507
11.9541,-16.353,-19.287,-30.936,0.0374,35.160,223.420
11.9742,-9.564,-19.287,9.696,0.3031,38.320,143.469
11.9942,-2.171,-18.342,54.945,0.2615,38.670,15.909
12.0143,5.360,-16.210,99.271,0.2947,35.860,-127.843
12.0344,12.552,-13.133,128.821,0.2366,30.590,-239.324
12.0544,18.952,-9.220,158.371,0.2947,22.850,-351.018
12.0745,24.154,-4.693,169.453,0.0872,18.280,-417.901
12.0945,27.828,0.187,186.998,0.1619,8.790,-431.281
12.1146,29.744,5.110,177.764,0.0872,358.240,-478.895
12.1347,29.779,9.704,164.836,-0.0374,348.400,-449.171
12.1547,27.932,13.704,137.132,0.1204,339.610,-399.365
12.1748,24.321,16.803,99.271,0.0706,335.740,-352.097
12.1948,19.170,18.693,44.787,-0.0457,329.770,-271.123
12.2149,12.809,19.111,2.309,0.0208,326.600,-144.124
12.2350,5.639,18.584,-25.395,-0.3031,326.250,-15.908
12.2550,-1.889,16.935,-78.031,-0.1536,327.660,64.002
12.2751,-9.297,14.298,-109.429,-0.0623,332.580,223.478
12.2951,-16.118,10.825,-139.902,-0.0208,335.740,287.786
12.3152,-21.919,6.561,-171.300,-0.2200,343.120,335.877
12.3353,-26.335,1.791,-183.305,-0.1702,352.270,415.889
12.3553,-29.086,-3.132,-180.534,-0.0457,1.410,415.657
12.3754,-30.000,-7.880,-169.453,-0.1702,11.250,445.267
12.3954,-29.017,-12.188,-152.831,0.0789,18.980,351.148
12.4155,-26.200,-15.726,-115.893,0.1204,22.500,321.007
12.4355,-21.727,-18.254,-70.644,-0.0042,28.120,255.589
12.4556,-15.882,-19.265,-19.854,0.0540,30.940,128.213
12.4757,-9.034,-19.265,6.002,0.3363,31.640,31.807
12.4957,-1.614,-18.232,50.328,0.2532,29.530,-95.847
12.5158,5.913,-16.012,90.960,0.2947,27.070,-223.624
12.5358,13.061,-12.913,127.898,0.2698,21.450,-255.514
12.5559,19.384,-8.935,160.218,0.3197,13.710,-351.697
12.5760,24.481,-4.363,172.223,0.0457,4.570,-415.519
12.5960,28.032,0.538,185.151,0.2117,355.430,-416.585
12.6161,29.811,5.440,176.840,-0.0208,346.290,-414.829
12.6361,29.707,9.990,162.989,0.0374,342.070,-384.699
12.6562,27.725,13.946,134.362,0.1868,334.340,-351.209
12.6763,23.989,17.001,93.730,0.1287,329.060,-238.513
12.6963,18.737,18.737,32.782,-0.0540,326.250,-128.069
12.7164,12.300,19.089,-0.462,-0.0540,325.550,-31.892
12.7365,5.081,18.518,-28.165,-0.3031,328.010,110.853
12.7565,-2.453,16.781,-84.496,-0.1619,330.120,195.949
12.7766,-9.833,14.078,-110.352,-0.0291,336.450,287.313
12.7966,-16.591,10.539,-146.367,-0.0872,344.880,384.050
12.8167,-22.300,6.231,-172.223,-0.2283,354.380,431.881
12.8367,-26.600,1.440,-182.381,-0.0789,4.570,463.166
12.8568,-29.219,-3.484,-184.228,-0.1287,9.840,475.943
12.8769,-29.992,-8.253,-171.300,-0.0872,19.340,431.692
12.8969,-28.868,-12.495,-150.060,0.1370,27.770,383.016
12.9170,-25.920,-15.968,-109.429,0.1204,34.100,287.635
12.9371,-21.332,-18.408,-71.567,0.0374,37.620,159.871
12.9571,-15.398,-19.331,-15.237,0.0208,38.670,47.706
12.9772,-8.490,-19.221,6.926,0.3446,38.320,-31.824
12.9972,-1.045,-18.078,64.180,0.2117,34.800,-160.150
13.0173,6.465,-15.792,100.194,0.3114,28.480,-287.436
13.0373,13.566,-12.627,130.668,0.3446,20.040,-383.300
13.0574,19.810,-8.605,156.525,0.2947,9.490,-479.949
13.0775,24.803,-3.989,182.381,-0.1038,358.590,-494.779
13.0975,28.228,0.934,180.534,0.2615,352.970,-514.255
13.1176,29.869,5.814,177.764,-0.0872,342.070,-495.483
13.1376,29.623,10.319,161.142,0.1287,332.230,-447.246
13.1577,27.505,14.210,130.668,0.1951,324.490,-351.664
13.1777,23.648,17.177,93.730,0.1536,318.870,-255.090
13.1978,18.297,18.847,43.864,-0.1038,317.460,-128.450
13.2179,11.790,19.067,-3.232,-0.0955,316.410,-47.746
13.2379,4.538,18.408,-37.400,-0.2698,318.160,79.538
13.2580,-3.001,16.583,-90.036,-0.2283,323.090,224.075
13.2780,-10.350,13.858,-117.740,-0.1121,331.170,367.381
13.2981,-17.045,10.231,-147.290,-0.1204,340.660,431.365
13.3181,-22.663,5.879,-175.917,-0.3280,346.290,511.637
13.3382,-26.849,1.066,-181.458,0.0540,358.240,543.382
13.3583,-29.339,-3.857,-174.993,-0.2366,9.840,525.845
13.3783,-29.974,-8.583,-172.223,0.0125,21.800,542.945
13.3984,-28.715,-12.781,-146.367,0.0623,31.290,431.739
13.4184,-25.641,-16.188,-117.740,0.0706,39.020,351.076
13.4385,-20.946,-18.518,-65.103,0.0540,41.480,223.825
13.4586,-14.928,-19.375,-14.313,0.0457,45.000,160.179
13.4786,-7.967,-19.199,10.620,0.3695,45.350,15.898
13.4987,-0.502,-17.946,63.256,0.1619,42.190,-143.502
13.5187,6.995,-15.594,99.271,0.3197,36.210,-272.052
13.5388,14.049,-12.363,126.051,0.3280,32.340,-351.415
13.5588,20.216,-8.297,162.065,0.2034,22.500,-447.686
13.5789,25.105,-3.638,177.764,-0.0042,11.600,-495.443
13.5990,28.408,1.286,185.151,0.2283,359.300,-558.238
13.6190,29.915,6.165,174.993,-0.0374,347.700,-531.614
13.6391,29.532,10.627,156.525,0.1370,336.450,-511.126
13.6591,27.282,14.473,130.668,0.1951,331.520,-442.305
13.6792,23.308,17.353,86.342,0.1536,323.440,-367.725
13.6993,17.860,18.891,32.782,-0.1121,318.160,-240.016
13.7193,11.284,19.089,-2.309,-0.1453,315.700,-111.912
13.7394,3.992,18.342,-40.170,-0.2366,316.050,15.832
13.7594,-3.552,16.474,-90.960,-0.2615,319.920,176.102
13.7795,-10.871,13.660,-116.816,-0.1619,323.090,288.873
13.7996,-17.501,9.968,-153.754,-0.2117,330.820,352.364
13.8196,-23.025,5.550,-172.223,-0.2864,340.660,447.382
13.8397,-27.095,0.714,-180.534,0.0789,351.910,510.043
13.8597,-29.451,-4.209,-179.611,-0.2864,3.160,512.904
13.8798,-29.945,-8.891,-169.453,0.0955,9.140,539.232
13.8999,-28.547,-13.045,-144.520,0.0208,19.690,483.029
13.9199,-25.345,-16.386,-107.582,0.0291,28.830,413.602
13.9400,-20.541,-18.627,-62.333,0.0789,35.160,287.164
13.9601,-14.435,-19.353,-14.313,0.0291,39.020,175.917
13.9801,-7.417,-19.133,11.543,0.3944,40.080,47.911
14.0002,0.067,-17.792,67.873,0.0955,39.380,-64.082
14.0202,7.546,-15.375,103.888,0.3280,35.860,-159.910
14.0403,14.548,-12.078,139.902,0.3363,29.880,-273.615
14.0603,20.631,-7.946,165.759,0.0706,21.800,-365.601
14.0804,25.411,-3.264,184.228,0.1121,11.250,-478.363
14.1005,28.585,1.659,178.687,0.1536,1.050,-460.958
14.1205,29.953,6.517,174.070,0.0042,356.130,-458.474
14.1406,29.427,10.957,148.213,0.2283,345.940,-463.206
14.1606,27.042,14.715,126.051,0.1204,336.800,-413.373
14.1807,22.947,17.529,89.113,0.1453,329.770,-319.058
14.2008,17.403,18.935,28.165,-0.0955,325.200,-208.054
14.2208,10.759,19.067,-1.385,-0.1702,324.490,-64.266
14.2409,3.435,18.254,-39.247,-0.2117,324.140,-15.930
14.2609,-4.105,16.320,-83.572,-0.2615,326.250,95.941
14.2810,-11.388,13.396,-126.974,-0.1868,331.520,239.535
14.3010,-17.949,9.660,-151.907,-0.2615,338.910,335.921
14.3211,-23.376,5.242,-170.376,-0.2283,348.050,415.440
14.3412,-27.327,0.385,-183.305,-0.0955,352.620,415.207
14.3612,-29.551,-4.539,-183.305,-0.2200,2.110,431.719
14.3813,-29.907,-9.198,-161.142,0.1370,11.600,433.447
14.4013,-28.373,-13.330,-140.826,-0.0623,20.740,413.155
14.4214,-25.046,-16.583,-106.658,-0.0374,27.070,287.772
14.4414,-20.137,-18.715,-51.251,0.0623,31.640,204.952
14.4615,-13.952,-19.375,-6.926,0.0208,32.700,100.014
14.4816,-6.887,-19.067,16.160,0.4193,33.400,31.616
14.5016,0.613,-17.638,73.414,0.0208,31.290,-96.028
14.5217,8.076,-15.155,98.347,0.2947,26.370,-223.117
14.5417,15.026,-11.770,138.979,0.2615,19.340,-321.826
14.5618,21.027,-7.616,163.912,0.0457,15.120,-379.300
14.5819,25.699,-2.912,176.840,0.1951,5.620,-431.897
14.6019,28.747,2.011,178.687,0.0291,356.130,-433.877
14.6220,29.978,6.847,178.687,0.1204,346.640,-431.361
14.6420,29.315,11.264,156.525,0.2366,338.200,-381.698
14.6621,26.799,14.957,119.587,0.0291,331.520,-303.568
14.6822,22.590,17.704,82.649,0.2117,328.710,-255.189
14.7022,16.953,18.979,29.089,-0.0955,325.550,-143.433
14.7223,10.245,19.045,-2.309,-0.2117,325.200,-15.949
14.7423,2.890,18.144,-54.945,-0.1951,327.300,95.064
14.7624,-4.648,16.122,-94.653,-0.3363,332.580,240.844
14.7824,-11.896,13.155,-119.587,-0.2615,339.610,314.222
14.8025,-18.389,9.352,-150.060,-0.3612,343.480,363.719
14.8226,-23.720,4.868,-171.300,-0.1536,353.670,463.349
14.8426,-27.551,0.011,-188.845,-0.0955,3.160,431.106
14.8627,-29.641,-4.890,-183.305,-0.1038,13.010,450.269
14.8827,-29.858,-9.528,-164.836,0.0540,22.150,413.236
14.9028,-28.188,-13.572,-135.285,-0.1121,26.370,383.363
14.9229,-24.736,-16.803,-102.041,-0.0457,32.700,287.401
14.9429,-19.721,-18.803,-50.328,0.0457,36.910,192.502
14.9630,-13.459,-19.375,-5.079,0.0042,37.620,32.113
14.9831,-6.341,-19.001,23.548,0.4193,35.860,-79.738
15.0031,1.175,-17.463,71.567,-0.0374,31.290,-209.572
15.0232,8.614,-14.935,103.888,0.2366,27.770,-317.349
15.0432,15.508,-11.484,142.673,0.2117,19.690,-367.305
15.0633,21.422,-7.286,157.448,-0.0540,9.840,-446.655
15.0833,25.983,-2.539,180.534,0.2449,359.300,-482.527
15.1034,28.902,2.407,185.151,-0.0208,348.050,-508.761
15.1235,29.994,7.198,171.300,0.1785,338.200,-446.650
15.1435,29.190,11.572,150.060,0.0789,333.280,-449.236
15.1636,26.540,15.199,126.051,-0.0623,325.900,-334.968
15.1837,22.212,17.836,74.338,0.1038,320.620,-241.164
15.2037,16.481,19.023,23.548,-0.0706,318.160,-111.899
15.2238,9.709,19.023,-13.390,-0.2698,318.520,16.291
15.2438,2.323,18.056,-45.711,-0.1702,319.920,127.250
15.2639,-5.210,15.924,-93.730,-0.3695,324.840,223.181
15.2840,-12.417,12.891,-135.285,-0.3114,332.930,367.705
15.3040,-18.835,9.044,-157.448,-0.3280,342.770,448.286
15.3241,-24.064,4.517,-177.764,0.0042,353.320,481.503
15.3441,-27.771,-0.341,-185.151,-0.1868,4.920,527.475
15.3642,-29.724,-5.264,-179.611,-0.0374,11.250,569.840
15.3843,-29.797,-9.858,-164.836,-0.0208,22.150,495.479
15.4043,-27.988,-13.858,-137.132,-0.1868,31.290,417.411
15.4244,-24.410,-16.979,-102.041,-0.1287,38.320,318.139
15.4444,-19.290,-18.891,-49.404,0.0374,42.540,191.758
15.4645,-12.948,-19.353,-2.309,0.0125,43.950,64.081
15.4845,-5.789,-18.891,24.471,0.3612,43.590,-33.000
15.5046,1.735,-17.243,74.338,0.0208,39.730,-174.723
15.5247,9.153,-14.627,109.429,0.1121,33.400,-286.745
15.5447,15.989,-11.155,132.515,0.0955,24.960,-386.596
15.5648,21.814,-6.891,169.453,0.0374,14.410,-477.585
15.5848,26.262,-2.143,177.764,0.2615,8.790,-511.137
15.6049,29.049,2.802,180.534,-0.0374,356.840,-545.632
15.6250,30.000,7.572,174.070,0.1702,345.230,-527.496
15.6450,29.056,11.880,152.831,-0.0125,334.340,-492.828
15.6651,26.275,15.462,118.663,-0.0955,325.550,-399.483
15.6851,21.833,17.990,79.878,0.0457,319.570,-271.720
15.7052,16.012,19.067,16.160,0.0374,317.810,-159.170
15.7253,9.179,18.979,-10.620,-0.2449,316.410,-64.087
15.7453,1.764,17.880,-54.945,-0.1536,317.110,31.792
15.7654,-5.760,15.704,-97.424,-0.3280,321.680,206.980
15.7854,-12.921,12.627,-127.898,-0.3529,328.710,319.500
15.8055,-19.266,8.715,-150.984,-0.2615,338.200,430.521
15.8256,-24.392,4.143,-174.070,0.0291,343.480,482.246
15.8456,-27.977,-0.736,-186.075,-0.3363,354.020,481.096
15.8657,-29.794,-5.638,-181.458,0.0623,5.270,535.965
15.8857,-29.728,-10.187,-162.065,-0.1536,16.520,511.132
15.9058,-27.782,-14.144,-130.668,-0.2034,26.370,445.728
15.9258,-24.082,-17.199,-97.424,-0.1785,33.750,336.962
15.9459,-18.859,-18.979,-39.247,0.0125,36.560,254.354
15.9660,-12.444,-19.353,6.002,0.0208,40.080,159.416
15.9860,-5.242,-18.825,31.859,0.3529,40.430,15.921
16.0061,2.290,-17.111,81.725,0.1121,38.320,-96.311
16.0261,9.677,-14.451,112.199,0.1121,32.700,-254.523
16.0462,16.453,-10.891,148.213,0.0623,29.180,-319.853
16.0663,22.189,-6.583,170.376,0.1536,20.740,-385.173
16.0863,26.525,-1.791,182.381,0.1702,10.200,-479.142
16.1064,29.182,3.132,180.534,-0.0208,359.300,-493.577
16.1264,29.995,7.902,171.300,0.2034,348.750,-481.238
16.1465,28.912,12.166,146.367,-0.0623,338.910,-447.317
16.1666,26.001,15.682,121.433,-0.1536,334.690,-383.880
16.1866,21.447,18.122,68.797,0.0125,328.010,-302.346
16.2067,15.536,19.089,12.467,0.0125,323.790,-191.565
16.2267,8.645,18.957,-6.926,-0.2698,322.730,-48.215
16.2468,1.207,17.792,-62.333,-0.1038,323.790,50.142
16.2669,-6.307,15.528,-99.271,-0.3031,328.010,185.419
16.2869,-13.423,12.407,-131.591,-0.3529,330.820,255.499
16.3070,-19.690,8.429,-156.525,-0.1951,338.550,349.775
16.3270,-24.713,3.835,-174.070,-0.0042,347.700,416.040
16.3471,-28.174,-1.066,-183.305,-0.2698,358.240,478.413
16.3672,-29.854,-5.945,-177.764,0.0374,7.730,433.741
16.3872,-29.648,-10.473,-158.371,-0.2117,17.580,447.525
16.4073,-27.567,-14.385,-133.438,-0.1536,21.800,380.560
16.4273,-23.745,-17.375,-95.577,-0.1785,28.830,318.962
16.4474,-18.423,-19.023,-42.940,0.0208,33.050,192.999
16.4674,-11.936,-19.331,1.385,0.0955,34.800,79.243
16.4875,-4.695,-18.737,40.170,0.3529,34.100,-31.758
16.5076,2.846,-16.957,80.802,0.0872,32.700,-128.799
16.5276,10.204,-14.210,111.276,0.0540,27.420,-239.934
16.5477,16.917,-10.583,145.443,-0.0208,20.040,-333.565
16.5677,22.561,-6.231,172.223,0.2117,11.250,-401.783
16.5878,26.780,-1.440,182.381,0.0955,1.410,-445.435
16.6078,29.306,3.506,180.534,0.1204,351.560,-447.140
16.6279,29.980,8.231,168.529,0.1453,346.990,-452.117
16.6480,28.760,12.451,153.754,-0.1038,338.550,-370.558
16.6680,25.723,15.880,114.969,-0.1370,331.520,-319.485
16.6881,21.059,18.254,64.180,-0.0540,326.600,-222.684
16.7081,15.066,19.089,18.007,-0.0457,324.840,-83.296
16.7282,8.121,18.891,-14.313,-0.3280,324.840,0.000
16.7482,0.660,17.660,-59.562,-0.1287,326.600,79.905
16.7683,-6.841,15.331,-100.194,-0.2864,331.520,223.936
16.7884,-13.910,12.122,-137.132,-0.3114,338.550,331.427
16.8084,-20.099,8.099,-154.678,-0.1453,347.340,385.695
16.8285,-25.018,3.484,-174.070,-0.1121,357.190,447.862
16.8485,-28.356,-1.440,-187.922,-0.1536,2.460,474.919
16.8686,-29.903,-6.319,-181.458,-0.0208,12.660,465.241
16.8887,-29.559,-10.781,-152.831,-0.1868,21.800,413.885
16.9087,-27.347,-14.627,-132.515,-0.1038,29.180,336.857
16.9288,-23.406,-17.551,-89.113,-0.1536,34.450,238.191
16.9488,-17.986,-19.067,-36.476,0.0623,36.910,112.322
16.9689,-11.430,-19.331,-1.385,0.1453,37.270,32.770
16.9890,-4.150,-18.649,35.553,0.3197,36.210,-48.181
17.0090,3.391,-16.803,80.802,0.1121,31.290,-223.727
17.0291,10.718,-13.990,116.816,-0.0291,24.260,-319.545
17.0491,17.368,-10.297,146.367,0.0291,15.470,-399.496
17.0692,22.919,-5.901,167.606,0.3446,10.550,-443.228
17.0892,27.023,-1.088,182.381,0.0042,359.650,-497.855
17.1093,29.419,3.857,178.687,0.2034,348.750,-495.214
17.1294,29.955,8.561,168.529,0.0208,338.910,-463.945
17.1494,28.598,12.715,140.826,-0.1536,330.120,-385.401
17.1695,25.435,16.100,104.811,-0.0872,323.790,-287.822
17.1895,20.663,18.364,57.716,-0.0706,321.330,-223.622
17.2096,14.585,19.111,13.390,0.0042,319.220,-99.450
17.2297,7.587,18.847,-17.084,-0.3031,319.570,15.362
17.2497,0.105,17.485,-71.567,-0.0540,323.090,159.995
17.2698,-7.381,15.111,-100.194,-0.2366,329.770,302.469
17.2898,-14.399,11.858,-134.362,-0.2532,338.200,384.930
17.3099,-20.508,7.770,-162.065,-0.0042,343.120,446.903
17.3300,-25.321,3.110,-180.534,-0.2283,354.380,511.758
17.3500,-28.533,-1.791,-183.305,-0.0789,5.270,495.186
17.3701,-29.942,-6.649,-180.534,-0.0706,16.880,524.638
17.3901,-29.459,-11.111,-158.371,-0.1619,26.720,449.545
17.4102,-27.114,-14.847,-121.433,-0.0291,30.940,261.905
17.4302,-23.056,-17.704,-86.342,-0.1287,39.020,369.087
17.4503,-17.539,-19.133,-33.706,0.0540,42.190,143.467
17.4704,-10.915,-19.331,2.309,0.1868,42.890,31.952
17.4904,-3.599,-18.584,39.247,0.3197,41.840,-95.450
17.5105,3.943,-16.649,92.807,0.1536,37.620,-191.842
17.5305,11.235,-13.770,117.740,0.0457,30.590,-319.631
17.5506,17.817,-10.012,152.831,0.1370,21.450,-415.431
17.5707,23.274,-5.594,172.223,0.2947,10.550,-495.467
17.5907,27.260,-0.736,181.458,-0.0540,4.570,-538.985
17.6108,29.522,4.209,182.381,0.2200,352.620,-545.451
17.6309,29.919,8.891,166.682,-0.0291,341.370,-511.258
17.6509,28.424,12.979,140.826,-0.0457,331.880,-429.490
17.6710,25.131,16.298,110.352,-0.0955,324.140,-353.102
17.6910,20.250,18.474,54.945,-0.1121,318.870,-239.687
17.7111,14.090,19.111,12.467,0.0374,317.460,-128.216
17.7312,7.037,18.737,-20.778,-0.2947,316.760,-31.645
17.7512,-0.460,17.309,-75.261,-0.0623,318.870,96.344
17.7713,-7.928,14.847,-105.735,-0.2034,324.490,255.123
17.7913,-14.894,11.550,-136.209,-0.1951,332.230,352.427
17.8114,-20.918,7.418,-162.065,-0.0042,341.720,448.100
17.8315,-25.620,2.736,-178.687,-0.3197,347.700,506.244
17.8515,-28.703,-2.187,-185.151,0.0374,358.950,511.389
17.8716,-29.972,-7.022,-176.840,-0.1619,10.550,526.824
17.8916,-29.347,-11.440,-150.984,-0.0872,21.090,496.863
17.9117,-26.867,-15.133,-122.357,0.0457,29.530,383.738
17.9318,-22.689,-17.902,-82.649,-0.1121,36.560,318.972
17.9518,-17.078,-19.199,-32.782,0.0706,38.670,179.364
17.9719,-10.387,-19.331,0.462,0.2283,40.780,95.943
17.9919,-3.039,-18.496,52.175,0.2947,40.430,-15.905
18.0120,4.500,-16.495,88.189,0.2366,36.560,-175.947
18.0320,11.755,-13.528,123.280,0.0706,30.230,-287.831
18.0521,18.267,-9.704,150.060,0.2283,26.020,-411.787
18.0722,23.625,-5.220,182.381,0.2283,16.520,-431.525
18.0922,27.490,-0.363,182.381,0.0125,5.620,-495.940
18.1123,29.617,4.561,180.534,0.2864,354.730,-477.947
18.1323,29.873,9.198,166.682,-0.1038,344.180,-479.488
18.1524,28.241,13.287,139.902,0.0125,335.040,-415.345
18.1724,24.824,16.495,100.194,-0.0208,331.170,-381.456
18.1925,19.838,18.562,46.634,-0.0623,325.200,-271.433
18.2126,13.599,19.111,8.773,0.0042,322.380,-128.122
18.2326,6.500,18.693,-27.242,-0.3280,321.680,-31.830
18.2527,-1.009,17.199,-74.338,-0.0872,323.790,95.925
18.2727,-8.456,14.671,-103.888,-0.1370,329.060,238.565
18.2928,-15.370,11.264,-138.056,-0.0706,332.580,298.570
18.3129,-21.310,7.110,-164.836,-0.0789,341.020,397.747
18.3329,-25.903,2.385,-180.534,-0.2781,350.860,449.389
18.3530,-28.859,-2.539,-182.381,0.0623,1.410,461.547
18.3730,-29.991,-7.374,-175.917,-0.2532,11.600,463.073
18.3931,-29.227,-11.748,-151.907,-0.0042,16.170,446.458
18.4132,-26.614,-15.375,-119.587,0.0872,24.610,383.551
18.4332,-22.321,-18.056,-83.572,-0.0457,30.940,288.005
18.4533,-16.616,-19.265,-28.165,0.0706,34.800,175.598
18.4734,-9.855,-19.309,6.002,0.2698,35.860,48.012
18.4934,-2.473,-18.408,50.328,0.2781,34.450,-64.286
18.5135,5.061,-16.320,97.424,0.2698,32.340,-178.910
18.5336,12.279,-13.308,126.974,0.1868,26.720,-255.154
18.5536,18.717,-9.440,152.831,0.2781,18.630,-367.982
18.5737,23.974,-4.912,166.682,0.1868,9.490,-415.661
18.5937,27.714,-0.033,185.151,0.0540,359.300,-463.234
18.6138,29.704,4.912,178.687,0.1121,354.020,-517.909
18.6339,29.813,9.550,160.218,-0.0706,344.530,-430.295
18.6539,28.038,13.528,135.285,0.0706,335.740,-401.064
18.6740,24.491,16.693,99.271,0.0457,329.410,-287.709
18.6941,19.396,18.627,43.864,-0.0789,325.200,-191.592
18.7141,13.076,19.111,1.385,-0.0125,323.790,-61.652
18.7342,5.928,18.627,-24.471,-0.3446,323.790,0.000
18.7542,-1.595,17.023,-79.878,-0.1121,326.600,122.884
18.7743,-9.016,14.429,-107.582,-0.0540,331.880,239.907
18.7943,-15.856,10.979,-141.749,-0.0291,339.610,351.195
18.8144,-21.706,6.759,-165.759,-0.1038,349.100,431.480
18.8344,-26.185,2.011,-183.305,-0.2117,358.950,466.768
18.8545,-29.009,-2.912,-182.381,0.0208,4.220,478.891
18.8745,-30.000,-7.704,-174.070,-0.2283,14.060,445.867
18.8946,-29.094,-12.034,-150.060,0.0955,23.200,415.303
18.9147,-26.350,-15.594,-117.740,0.1038,30.230,319.930
18.9347,-21.942,-18.210,-79.878,-0.0125,35.160,223.870
18.9548,-16.146,-19.287,-24.471,0.0706,37.270,95.511
18.9748,-9.326,-19.287,6.926,0.3197,37.270,0.000
18.9949,-1.919,-18.298,52.175,0.2864,34.800,-112.495
19.0150,5.607,-16.144,90.036,0.3031,29.880,-223.656
19.0350,12.779,-13.045,127.898,0.2532,22.500,-336.173
19.0551,19.144,-9.110,159.295,0.2864,13.360,-414.530
19.0751,24.299,-4.561,173.147,0.0706,8.090,-480.021
19.0952,27.919,0.341,182.381,0.1868,357.540,-478.879
19.1152,29.775,5.242,177.764,0.0208,346.990,-480.936
19.1353,29.749,9.836,162.989,-0.0125,337.150,-447.302
19.1554,27.843,13.792,137.132,0.1785,329.060,-367.684
19.1754,24.179,16.891,98.347,0.0789,323.440,-255.397
19.1955,18.986,18.715,45.711,-0.0789,321.330,-191.447
19.2155,12.593,19.111,5.079,-0.0208,319.920,-64.138
19.2356,5.404,18.562,-27.242,-0.3612,320.980,48.198
19.2556,-2.125,16.891,-76.184,-0.1453,325.200,191.892
19.2757,-9.521,14.232,-111.276,-0.0457,332.230,319.343
19.2958,-16.319,10.693,-145.443,-0.0291,341.370,413.514
19.3158,-22.082,6.429,-173.147,-0.2698,345.940,418.894
19.3359,-26.448,1.659,-185.151,-0.1370,356.840,495.074
19.3559,-29.144,-3.264,-181.458,-0.0872,8.090,511.161
19.3760,-29.998,-8.011,-166.682,-0.1536,19.340,510.977
19.3961,-28.956,-12.297,-145.443,0.1370,28.120,399.120
19.4161,-26.084,-15.814,-118.663,0.1702,31.990,351.369
19.4362,-21.564,-18.320,-68.797,0.0125,37.970,271.866
19.4562,-15.681,-19.309,-21.701,0.0623,41.130,143.592
19.4763,-8.808,-19.265,6.002,0.3446,41.480,15.903
19.4964,-1.369,-18.144,56.792,0.2366,38.320,-142.943
19.5165,6.164,-15.902,99.271,0.3031,32.700,-242.157
19.5366,13.305,-12.737,134.362,0.2864,28.830,-289.329
19.5567,19.602,-8.737,160.218,0.3280,14.410,-490.052
19.5768,24.656,-4.143,173.147,-0.0291,8.790,-511.205
19.5969,28.143,0.780,186.998,0.2034,357.540,-513.426
19.6169,29.846,5.660,174.070,-0.0291,345.940,-527.922
19.6370,29.659,10.187,158.371,0.0872,335.390,-479.368
19.6571,27.591,14.100,134.362,0.1536,331.520,-351.712
19.6772,23.773,17.111,93.730,0.1287,323.790,-350.762
19.6973,18.448,18.803,36.476,-0.0955,319.220,-207.841
19.7177,11.855,19.089,2.309,-0.0706,317.460,-80.013
19.7380,4.499,18.408,-43.864,-0.2449,318.520,44.176
19.7581,-3.067,16.583,-90.036,-0.2200,320.270,193.882
19.7782,-10.423,13.814,-115.893,-0.1287,325.900,256.190
19.7984,-17.128,10.165,-150.984,-0.1370,333.980,366.005
19.8184,-22.736,5.814,-169.453,-0.3197,344.180,461.498
19.8385,-26.900,1.022,-185.151,0.0042,355.430,517.181
19.8586,-29.362,-3.879,-180.534,-0.2615,6.680,511.752
19.8786,-29.969,-8.583,-166.682,-0.0125,17.580,494.385
19.8987,-28.682,-12.803,-148.213,0.0623,22.500,448.938
19.9187,-25.583,-16.188,-110.352,0.0706,31.290,399.520
19.9388,-20.868,-18.518,-55.869,0.1038,37.270,271.574
19.9588,-14.834,-19.353,-17.084,0.0623,40.430,143.620
19.9789,-7.863,-19.177,14.313,0.3612,40.780,15.919
19.9990,-0.395,-17.946,64.180,0.1453,40.080,-63.448
